scenario_model,scenario_depth,denominator,combo,rank,overall_score,score_replicon,is_eligible,is_near_tie,is_winner,scoring_version,source_data_hash,source_data_commit
hac,20x,2.0,seqkit-dorado,1,94.7407518360113,100.0,True,False,True,1.0,ee7a50a277fef6153a1cc05f9cc2afd227e940efbd36a4c2b0abe9a57580901b,4d6b8cb1d482e5066f9ca575ebd3b67af4a32562
hac,20x,2.0,chopper-dorado,2,92.45401574856291,100.0,True,True,False,1.0,ee7a50a277fef6153a1cc05f9cc2afd227e940efbd36a4c2b0abe9a57580901b,4d6b8cb1d482e5066f9ca575ebd3b67af4a32562
hac,20x,2.0,unprocessed-porechop_abi,3,91.62023973376954,100.0,True,True,False,1.0,ee7a50a277fef6153a1cc05f9cc2afd227e940efbd36a4c2b0abe9a57580901b,4d6b8cb1d482e5066f9ca575ebd3b67af4a32562
hac,20x,2.0,unprocessed-dorado,4,89.91057005010296,100.0,True,False,False,1.0,ee7a50a277fef6153a1cc05f9cc2afd227e940efbd36a4c2b0abe9a57580901b,4d6b8cb1d482e5066f9ca575ebd3b67af4a32562
hac,20x,2.0,seqkit-barbell,5,86.58002039281344,100.0,True,True,False,1.0,ee7a50a277fef6153a1cc05f9cc2afd227e940efbd36a4c2b0abe9a57580901b,4d6b8cb1d482e5066f9ca575ebd3b67af4a32562
hac,20x,2.0,unprocessed-untrimmed,6,86.38762112215733,100.0,True,True,False,1.0,ee7a50a277fef6153a1cc05f9cc2afd227e940efbd36a4c2b0abe9a57580901b,4d6b8cb1d482e5066f9ca575ebd3b67af4a32562
hac,20x,2.0,chopper-barbell,7,83.74275065137932,100.0,True,False,False,1.0,ee7a50a277fef6153a1cc05f9cc2afd227e940efbd36a4c2b0abe9a57580901b,4d6b8cb1d482e5066f9ca575ebd3b67af4a32562
hac,20x,2.0,fastplong-all,8,76.5399287610481,50.0,True,True,False,1.0,ee7a50a277fef6153a1cc05f9cc2afd227e940efbd36a4c2b0abe9a57580901b,4d6b8cb1d482e5066f9ca575ebd3b67af4a32562
hac,20x,2.0,seqkit-porechop_abi,9,76.4405572818786,50.0,True,True,False,1.0,ee7a50a277fef6153a1cc05f9cc2afd227e940efbd36a4c2b0abe9a57580901b,4d6b8cb1d482e5066f9ca575ebd3b67af4a32562
hac,20x,2.0,chopper-porechop_abi,10,74.15681812477173,50.0,True,False,False,1.0,ee7a50a277fef6153a1cc05f9cc2afd227e940efbd36a4c2b0abe9a57580901b,4d6b8cb1d482e5066f9ca575ebd3b67af4a32562
hac,20x,2.0,seqkit-untrimmed,11,70.6040564630198,50.0,True,True,False,1.0,ee7a50a277fef6153a1cc05f9cc2afd227e940efbd36a4c2b0abe9a57580901b,4d6b8cb1d482e5066f9ca575ebd3b67af4a32562
hac,20x,2.0,unprocessed-barbell,12,70.6016432511688,50.0,True,True,False,1.0,ee7a50a277fef6153a1cc05f9cc2afd227e940efbd36a4c2b0abe9a57580901b,4d6b8cb1d482e5066f9ca575ebd3b67af4a32562
hac,20x,2.0,chopper-untrimmed,13,67.35803960327067,50.0,True,False,False,1.0,ee7a50a277fef6153a1cc05f9cc2afd227e940efbd36a4c2b0abe9a57580901b,4d6b8cb1d482e5066f9ca575ebd3b67af4a32562
hac,20x,2.0,filtlong-porechop_abi,14,61.20831806757773,0.0,True,False,False,1.0,ee7a50a277fef6153a1cc05f9cc2afd227e940efbd36a4c2b0abe9a57580901b,4d6b8cb1d482e5066f9ca575ebd3b67af4a32562
hac,20x,2.0,filtlong-untrimmed,15,58.692092313061636,0.0,True,True,False,1.0,ee7a50a277fef6153a1cc05f9cc2afd227e940efbd36a4c2b0abe9a57580901b,4d6b8cb1d482e5066f9ca575ebd3b67af4a32562
hac,20x,2.0,filtlong-dorado,16,58.28950933320655,0.0,True,True,False,1.0,ee7a50a277fef6153a1cc05f9cc2afd227e940efbd36a4c2b0abe9a57580901b,4d6b8cb1d482e5066f9ca575ebd3b67af4a32562
hac,20x,2.0,filtlong-barbell,17,51.769638852951374,0.0,True,False,False,1.0,ee7a50a277fef6153a1cc05f9cc2afd227e940efbd36a4c2b0abe9a57580901b,4d6b8cb1d482e5066f9ca575ebd3b67af4a32562
hac,20x,3.0,seqkit-dorado,1,94.7407518360113,100.0,True,False,True,1.0,ee7a50a277fef6153a1cc05f9cc2afd227e940efbd36a4c2b0abe9a57580901b,4d6b8cb1d482e5066f9ca575ebd3b67af4a32562
hac,20x,3.0,chopper-dorado,2,92.45401574856291,100.0,True,True,False,1.0,ee7a50a277fef6153a1cc05f9cc2afd227e940efbd36a4c2b0abe9a57580901b,4d6b8cb1d482e5066f9ca575ebd3b67af4a32562
hac,20x,3.0,unprocessed-porechop_abi,3,91.62023973376954,100.0,True,True,False,1.0,ee7a50a277fef6153a1cc05f9cc2afd227e940efbd36a4c2b0abe9a57580901b,4d6b8cb1d482e5066f9ca575ebd3b67af4a32562
hac,20x,3.0,unprocessed-dorado,4,89.91057005010296,100.0,True,False,False,1.0,ee7a50a277fef6153a1cc05f9cc2afd227e940efbd36a4c2b0abe9a57580901b,4d6b8cb1d482e5066f9ca575ebd3b67af4a32562
hac,20x,3.0,seqkit-barbell,5,86.58002039281344,100.0,True,True,False,1.0,ee7a50a277fef6153a1cc05f9cc2afd227e940efbd36a4c2b0abe9a57580901b,4d6b8cb1d482e5066f9ca575ebd3b67af4a32562
hac,20x,3.0,unprocessed-untrimmed,6,86.38762112215733,100.0,True,True,False,1.0,ee7a50a277fef6153a1cc05f9cc2afd227e940efbd36a4c2b0abe9a57580901b,4d6b8cb1d482e5066f9ca575ebd3b67af4a32562
hac,20x,3.0,chopper-barbell,7,83.74275065137932,100.0,True,False,False,1.0,ee7a50a277fef6153a1cc05f9cc2afd227e940efbd36a4c2b0abe9a57580901b,4d6b8cb1d482e5066f9ca575ebd3b67af4a32562
hac,20x,3.0,fastplong-all,8,82.27326209438144,66.66666666666667,True,True,False,1.0,ee7a50a277fef6153a1cc05f9cc2afd227e940efbd36a4c2b0abe9a57580901b,4d6b8cb1d482e5066f9ca575ebd3b67af4a32562
hac,20x,3.0,seqkit-porechop_abi,9,82.17389061521193,66.66666666666667,True,True,False,1.0,ee7a50a277fef6153a1cc05f9cc2afd227e940efbd36a4c2b0abe9a57580901b,4d6b8cb1d482e5066f9ca575ebd3b67af4a32562
hac,20x,3.0,chopper-porechop_abi,10,79.89015145810507,66.66666666666667,True,False,False,1.0,ee7a50a277fef6153a1cc05f9cc2afd227e940efbd36a4c2b0abe9a57580901b,4d6b8cb1d482e5066f9ca575ebd3b67af4a32562
hac,20x,3.0,seqkit-untrimmed,11,76.33738979635312,66.66666666666667,True,True,False,1.0,ee7a50a277fef6153a1cc05f9cc2afd227e940efbd36a4c2b0abe9a57580901b,4d6b8cb1d482e5066f9ca575ebd3b67af4a32562
hac,20x,3.0,unprocessed-barbell,12,76.33497658450213,66.66666666666667,True,True,False,1.0,ee7a50a277fef6153a1cc05f9cc2afd227e940efbd36a4c2b0abe9a57580901b,4d6b8cb1d482e5066f9ca575ebd3b67af4a32562
hac,20x,3.0,chopper-untrimmed,13,73.091372936604,66.66666666666667,True,False,False,1.0,ee7a50a277fef6153a1cc05f9cc2afd227e940efbd36a4c2b0abe9a57580901b,4d6b8cb1d482e5066f9ca575ebd3b67af4a32562
hac,20x,3.0,filtlong-porechop_abi,14,61.20831806757773,0.0,True,False,False,1.0,ee7a50a277fef6153a1cc05f9cc2afd227e940efbd36a4c2b0abe9a57580901b,4d6b8cb1d482e5066f9ca575ebd3b67af4a32562
hac,20x,3.0,filtlong-untrimmed,15,58.692092313061636,0.0,True,True,False,1.0,ee7a50a277fef6153a1cc05f9cc2afd227e940efbd36a4c2b0abe9a57580901b,4d6b8cb1d482e5066f9ca575ebd3b67af4a32562
hac,20x,3.0,filtlong-dorado,16,58.28950933320655,0.0,True,True,False,1.0,ee7a50a277fef6153a1cc05f9cc2afd227e940efbd36a4c2b0abe9a57580901b,4d6b8cb1d482e5066f9ca575ebd3b67af4a32562
hac,20x,3.0,filtlong-barbell,17,51.769638852951374,0.0,True,False,False,1.0,ee7a50a277fef6153a1cc05f9cc2afd227e940efbd36a4c2b0abe9a57580901b,4d6b8cb1d482e5066f9ca575ebd3b67af4a32562
hac,20x,4.0,seqkit-dorado,1,94.7407518360113,100.0,True,False,True,1.0,ee7a50a277fef6153a1cc05f9cc2afd227e940efbd36a4c2b0abe9a57580901b,4d6b8cb1d482e5066f9ca575ebd3b67af4a32562
hac,20x,4.0,chopper-dorado,2,92.45401574856291,100.0,True,True,False,1.0,ee7a50a277fef6153a1cc05f9cc2afd227e940efbd36a4c2b0abe9a57580901b,4d6b8cb1d482e5066f9ca575ebd3b67af4a32562
hac,20x,4.0,unprocessed-porechop_abi,3,91.62023973376954,100.0,True,True,False,1.0,ee7a50a277fef6153a1cc05f9cc2afd227e940efbd36a4c2b0abe9a57580901b,4d6b8cb1d482e5066f9ca575ebd3b67af4a32562
hac,20x,4.0,unprocessed-dorado,4,89.91057005010296,100.0,True,False,False,1.0,ee7a50a277fef6153a1cc05f9cc2afd227e940efbd36a4c2b0abe9a57580901b,4d6b8cb1d482e5066f9ca575ebd3b67af4a32562
hac,20x,4.0,seqkit-barbell,5,86.58002039281344,100.0,True,True,False,1.0,ee7a50a277fef6153a1cc05f9cc2afd227e940efbd36a4c2b0abe9a57580901b,4d6b8cb1d482e5066f9ca575ebd3b67af4a32562
hac,20x,4.0,unprocessed-untrimmed,6,86.38762112215733,100.0,True,True,False,1.0,ee7a50a277fef6153a1cc05f9cc2afd227e940efbd36a4c2b0abe9a57580901b,4d6b8cb1d482e5066f9ca575ebd3b67af4a32562
hac,20x,4.0,fastplong-all,7,85.13992876104811,75.0,True,True,False,1.0,ee7a50a277fef6153a1cc05f9cc2afd227e940efbd36a4c2b0abe9a57580901b,4d6b8cb1d482e5066f9ca575ebd3b67af4a32562
hac,20x,4.0,seqkit-porechop_abi,8,85.04055728187859,75.0,True,True,False,1.0,ee7a50a277fef6153a1cc05f9cc2afd227e940efbd36a4c2b0abe9a57580901b,4d6b8cb1d482e5066f9ca575ebd3b67af4a32562
hac,20x,4.0,chopper-barbell,9,83.74275065137932,100.0,True,True,False,1.0,ee7a50a277fef6153a1cc05f9cc2afd227e940efbd36a4c2b0abe9a57580901b,4d6b8cb1d482e5066f9ca575ebd3b67af4a32562
hac,20x,4.0,chopper-porechop_abi,10,82.75681812477173,75.0,True,True,False,1.0,ee7a50a277fef6153a1cc05f9cc2afd227e940efbd36a4c2b0abe9a57580901b,4d6b8cb1d482e5066f9ca575ebd3b67af4a32562
hac,20x,4.0,seqkit-untrimmed,11,79.2040564630198,75.0,True,True,False,1.0,ee7a50a277fef6153a1cc05f9cc2afd227e940efbd36a4c2b0abe9a57580901b,4d6b8cb1d482e5066f9ca575ebd3b67af4a32562
hac,20x,4.0,unprocessed-barbell,12,79.20164325116879,75.0,True,True,False,1.0,ee7a50a277fef6153a1cc05f9cc2afd227e940efbd36a4c2b0abe9a57580901b,4d6b8cb1d482e5066f9ca575ebd3b67af4a32562
hac,20x,4.0,chopper-untrimmed,13,75.95803960327068,75.0,True,False,False,1.0,ee7a50a277fef6153a1cc05f9cc2afd227e940efbd36a4c2b0abe9a57580901b,4d6b8cb1d482e5066f9ca575ebd3b67af4a32562
hac,20x,4.0,filtlong-porechop_abi,14,69.80831806757773,25.0,True,False,False,1.0,ee7a50a277fef6153a1cc05f9cc2afd227e940efbd36a4c2b0abe9a57580901b,4d6b8cb1d482e5066f9ca575ebd3b67af4a32562
hac,20x,4.0,filtlong-untrimmed,15,67.29209231306164,25.0,True,True,False,1.0,ee7a50a277fef6153a1cc05f9cc2afd227e940efbd36a4c2b0abe9a57580901b,4d6b8cb1d482e5066f9ca575ebd3b67af4a32562
hac,20x,4.0,filtlong-dorado,16,66.88950933320655,25.0,True,True,False,1.0,ee7a50a277fef6153a1cc05f9cc2afd227e940efbd36a4c2b0abe9a57580901b,4d6b8cb1d482e5066f9ca575ebd3b67af4a32562
hac,20x,4.0,filtlong-barbell,17,60.369638852951375,25.0,True,False,False,1.0,ee7a50a277fef6153a1cc05f9cc2afd227e940efbd36a4c2b0abe9a57580901b,4d6b8cb1d482e5066f9ca575ebd3b67af4a32562
hac,100x,2.0,seqkit-barbell,1,98.70156678825757,100.0,True,True,True,1.0,ee7a50a277fef6153a1cc05f9cc2afd227e940efbd36a4c2b0abe9a57580901b,4d6b8cb1d482e5066f9ca575ebd3b67af4a32562
hac,100x,2.0,seqkit-dorado,2,98.67624889900024,100.0,True,True,False,1.0,ee7a50a277fef6153a1cc05f9cc2afd227e940efbd36a4c2b0abe9a57580901b,4d6b8cb1d482e5066f9ca575ebd3b67af4a32562
hac,100x,2.0,chopper-barbell,3,98.575085265312,100.0,True,True,False,1.0,ee7a50a277fef6153a1cc05f9cc2afd227e940efbd36a4c2b0abe9a57580901b,4d6b8cb1d482e5066f9ca575ebd3b67af4a32562
hac,100x,2.0,chopper-dorado,4,98.49068137470957,100.0,True,True,False,1.0,ee7a50a277fef6153a1cc05f9cc2afd227e940efbd36a4c2b0abe9a57580901b,4d6b8cb1d482e5066f9ca575ebd3b67af4a32562
hac,100x,2.0,seqkit-porechop_abi,5,98.45075219279721,100.0,True,True,False,1.0,ee7a50a277fef6153a1cc05f9cc2afd227e940efbd36a4c2b0abe9a57580901b,4d6b8cb1d482e5066f9ca575ebd3b67af4a32562
hac,100x,2.0,unprocessed-barbell,6,98.20626131972286,100.0,True,True,False,1.0,ee7a50a277fef6153a1cc05f9cc2afd227e940efbd36a4c2b0abe9a57580901b,4d6b8cb1d482e5066f9ca575ebd3b67af4a32562
hac,100x,2.0,unprocessed-dorado,7,97.25589938282127,100.0,True,True,False,1.0,ee7a50a277fef6153a1cc05f9cc2afd227e940efbd36a4c2b0abe9a57580901b,4d6b8cb1d482e5066f9ca575ebd3b67af4a32562
hac,100x,2.0,unprocessed-untrimmed,8,95.96811543915625,100.0,True,False,False,1.0,ee7a50a277fef6153a1cc05f9cc2afd227e940efbd36a4c2b0abe9a57580901b,4d6b8cb1d482e5066f9ca575ebd3b67af4a32562
hac,100x,2.0,seqkit-untrimmed,9,94.69553857718529,100.0,True,False,False,1.0,ee7a50a277fef6153a1cc05f9cc2afd227e940efbd36a4c2b0abe9a57580901b,4d6b8cb1d482e5066f9ca575ebd3b67af4a32562
hac,100x,2.0,chopper-untrimmed,10,92.61721214020666,100.0,True,False,False,1.0,ee7a50a277fef6153a1cc05f9cc2afd227e940efbd36a4c2b0abe9a57580901b,4d6b8cb1d482e5066f9ca575ebd3b67af4a32562
hac,100x,2.0,fastplong-all,11,81.24231590662417,50.0,True,True,False,1.0,ee7a50a277fef6153a1cc05f9cc2afd227e940efbd36a4c2b0abe9a57580901b,4d6b8cb1d482e5066f9ca575ebd3b67af4a32562
hac,100x,2.0,chopper-porechop_abi,12,81.16001197765145,50.0,True,True,False,1.0,ee7a50a277fef6153a1cc05f9cc2afd227e940efbd36a4c2b0abe9a57580901b,4d6b8cb1d482e5066f9ca575ebd3b67af4a32562
hac,100x,2.0,unprocessed-porechop_abi,13,81.12006277647585,50.0,True,True,False,1.0,ee7a50a277fef6153a1cc05f9cc2afd227e940efbd36a4c2b0abe9a57580901b,4d6b8cb1d482e5066f9ca575ebd3b67af4a32562
hac,100x,2.0,filtlong-dorado,14,64.55430213631921,0.0,True,True,False,1.0,ee7a50a277fef6153a1cc05f9cc2afd227e940efbd36a4c2b0abe9a57580901b,4d6b8cb1d482e5066f9ca575ebd3b67af4a32562
hac,100x,2.0,filtlong-barbell,15,64.50586880078268,0.0,True,True,False,1.0,ee7a50a277fef6153a1cc05f9cc2afd227e940efbd36a4c2b0abe9a57580901b,4d6b8cb1d482e5066f9ca575ebd3b67af4a32562
hac,100x,2.0,filtlong-porechop_abi,16,64.28555728109282,0.0,True,True,False,1.0,ee7a50a277fef6153a1cc05f9cc2afd227e940efbd36a4c2b0abe9a57580901b,4d6b8cb1d482e5066f9ca575ebd3b67af4a32562
hac,100x,2.0,filtlong-untrimmed,17,64.27823416015347,0.0,True,True,False,1.0,ee7a50a277fef6153a1cc05f9cc2afd227e940efbd36a4c2b0abe9a57580901b,4d6b8cb1d482e5066f9ca575ebd3b67af4a32562
hac,100x,3.0,seqkit-barbell,1,98.70156678825757,100.0,True,True,True,1.0,ee7a50a277fef6153a1cc05f9cc2afd227e940efbd36a4c2b0abe9a57580901b,4d6b8cb1d482e5066f9ca575ebd3b67af4a32562
hac,100x,3.0,seqkit-dorado,2,98.67624889900024,100.0,True,True,False,1.0,ee7a50a277fef6153a1cc05f9cc2afd227e940efbd36a4c2b0abe9a57580901b,4d6b8cb1d482e5066f9ca575ebd3b67af4a32562
hac,100x,3.0,chopper-barbell,3,98.575085265312,100.0,True,True,False,1.0,ee7a50a277fef6153a1cc05f9cc2afd227e940efbd36a4c2b0abe9a57580901b,4d6b8cb1d482e5066f9ca575ebd3b67af4a32562
hac,100x,3.0,chopper-dorado,4,98.49068137470957,100.0,True,True,False,1.0,ee7a50a277fef6153a1cc05f9cc2afd227e940efbd36a4c2b0abe9a57580901b,4d6b8cb1d482e5066f9ca575ebd3b67af4a32562
hac,100x,3.0,seqkit-porechop_abi,5,98.45075219279721,100.0,True,True,False,1.0,ee7a50a277fef6153a1cc05f9cc2afd227e940efbd36a4c2b0abe9a57580901b,4d6b8cb1d482e5066f9ca575ebd3b67af4a32562
hac,100x,3.0,unprocessed-barbell,6,98.20626131972286,100.0,True,True,False,1.0,ee7a50a277fef6153a1cc05f9cc2afd227e940efbd36a4c2b0abe9a57580901b,4d6b8cb1d482e5066f9ca575ebd3b67af4a32562
hac,100x,3.0,unprocessed-dorado,7,97.25589938282127,100.0,True,True,False,1.0,ee7a50a277fef6153a1cc05f9cc2afd227e940efbd36a4c2b0abe9a57580901b,4d6b8cb1d482e5066f9ca575ebd3b67af4a32562
hac,100x,3.0,unprocessed-untrimmed,8,95.96811543915625,100.0,True,False,False,1.0,ee7a50a277fef6153a1cc05f9cc2afd227e940efbd36a4c2b0abe9a57580901b,4d6b8cb1d482e5066f9ca575ebd3b67af4a32562
hac,100x,3.0,seqkit-untrimmed,9,94.69553857718529,100.0,True,False,False,1.0,ee7a50a277fef6153a1cc05f9cc2afd227e940efbd36a4c2b0abe9a57580901b,4d6b8cb1d482e5066f9ca575ebd3b67af4a32562
hac,100x,3.0,chopper-untrimmed,10,92.61721214020666,100.0,True,False,False,1.0,ee7a50a277fef6153a1cc05f9cc2afd227e940efbd36a4c2b0abe9a57580901b,4d6b8cb1d482e5066f9ca575ebd3b67af4a32562
hac,100x,3.0,fastplong-all,11,86.9756492399575,66.66666666666667,True,True,False,1.0,ee7a50a277fef6153a1cc05f9cc2afd227e940efbd36a4c2b0abe9a57580901b,4d6b8cb1d482e5066f9ca575ebd3b67af4a32562
hac,100x,3.0,chopper-porechop_abi,12,86.89334531098478,66.66666666666667,True,True,False,1.0,ee7a50a277fef6153a1cc05f9cc2afd227e940efbd36a4c2b0abe9a57580901b,4d6b8cb1d482e5066f9ca575ebd3b67af4a32562
hac,100x,3.0,unprocessed-porechop_abi,13,86.85339610980918,66.66666666666667,True,True,False,1.0,ee7a50a277fef6153a1cc05f9cc2afd227e940efbd36a4c2b0abe9a57580901b,4d6b8cb1d482e5066f9ca575ebd3b67af4a32562
hac,100x,3.0,filtlong-dorado,14,64.55430213631921,0.0,True,True,False,1.0,ee7a50a277fef6153a1cc05f9cc2afd227e940efbd36a4c2b0abe9a57580901b,4d6b8cb1d482e5066f9ca575ebd3b67af4a32562
hac,100x,3.0,filtlong-barbell,15,64.50586880078268,0.0,True,True,False,1.0,ee7a50a277fef6153a1cc05f9cc2afd227e940efbd36a4c2b0abe9a57580901b,4d6b8cb1d482e5066f9ca575ebd3b67af4a32562
hac,100x,3.0,filtlong-porechop_abi,16,64.28555728109282,0.0,True,True,False,1.0,ee7a50a277fef6153a1cc05f9cc2afd227e940efbd36a4c2b0abe9a57580901b,4d6b8cb1d482e5066f9ca575ebd3b67af4a32562
hac,100x,3.0,filtlong-untrimmed,17,64.27823416015347,0.0,True,True,False,1.0,ee7a50a277fef6153a1cc05f9cc2afd227e940efbd36a4c2b0abe9a57580901b,4d6b8cb1d482e5066f9ca575ebd3b67af4a32562
hac,100x,4.0,seqkit-barbell,1,98.70156678825757,100.0,True,True,True,1.0,ee7a50a277fef6153a1cc05f9cc2afd227e940efbd36a4c2b0abe9a57580901b,4d6b8cb1d482e5066f9ca575ebd3b67af4a32562
hac,100x,4.0,seqkit-dorado,2,98.67624889900024,100.0,True,True,False,1.0,ee7a50a277fef6153a1cc05f9cc2afd227e940efbd36a4c2b0abe9a57580901b,4d6b8cb1d482e5066f9ca575ebd3b67af4a32562
hac,100x,4.0,chopper-barbell,3,98.575085265312,100.0,True,True,False,1.0,ee7a50a277fef6153a1cc05f9cc2afd227e940efbd36a4c2b0abe9a57580901b,4d6b8cb1d482e5066f9ca575ebd3b67af4a32562
hac,100x,4.0,chopper-dorado,4,98.49068137470957,100.0,True,True,False,1.0,ee7a50a277fef6153a1cc05f9cc2afd227e940efbd36a4c2b0abe9a57580901b,4d6b8cb1d482e5066f9ca575ebd3b67af4a32562
hac,100x,4.0,seqkit-porechop_abi,5,98.45075219279721,100.0,True,True,False,1.0,ee7a50a277fef6153a1cc05f9cc2afd227e940efbd36a4c2b0abe9a57580901b,4d6b8cb1d482e5066f9ca575ebd3b67af4a32562
hac,100x,4.0,unprocessed-barbell,6,98.20626131972286,100.0,True,True,False,1.0,ee7a50a277fef6153a1cc05f9cc2afd227e940efbd36a4c2b0abe9a57580901b,4d6b8cb1d482e5066f9ca575ebd3b67af4a32562
hac,100x,4.0,unprocessed-dorado,7,97.25589938282127,100.0,True,True,False,1.0,ee7a50a277fef6153a1cc05f9cc2afd227e940efbd36a4c2b0abe9a57580901b,4d6b8cb1d482e5066f9ca575ebd3b67af4a32562
hac,100x,4.0,unprocessed-untrimmed,8,95.96811543915625,100.0,True,False,False,1.0,ee7a50a277fef6153a1cc05f9cc2afd227e940efbd36a4c2b0abe9a57580901b,4d6b8cb1d482e5066f9ca575ebd3b67af4a32562
hac,100x,4.0,seqkit-untrimmed,9,94.69553857718529,100.0,True,False,False,1.0,ee7a50a277fef6153a1cc05f9cc2afd227e940efbd36a4c2b0abe9a57580901b,4d6b8cb1d482e5066f9ca575ebd3b67af4a32562
hac,100x,4.0,chopper-untrimmed,10,92.61721214020666,100.0,True,False,False,1.0,ee7a50a277fef6153a1cc05f9cc2afd227e940efbd36a4c2b0abe9a57580901b,4d6b8cb1d482e5066f9ca575ebd3b67af4a32562
hac,100x,4.0,fastplong-all,11,89.84231590662417,75.0,True,True,False,1.0,ee7a50a277fef6153a1cc05f9cc2afd227e940efbd36a4c2b0abe9a57580901b,4d6b8cb1d482e5066f9ca575ebd3b67af4a32562
hac,100x,4.0,chopper-porechop_abi,12,89.76001197765144,75.0,True,True,False,1.0,ee7a50a277fef6153a1cc05f9cc2afd227e940efbd36a4c2b0abe9a57580901b,4d6b8cb1d482e5066f9ca575ebd3b67af4a32562
hac,100x,4.0,unprocessed-porechop_abi,13,89.72006277647584,75.0,True,True,False,1.0,ee7a50a277fef6153a1cc05f9cc2afd227e940efbd36a4c2b0abe9a57580901b,4d6b8cb1d482e5066f9ca575ebd3b67af4a32562
hac,100x,4.0,filtlong-dorado,14,73.1543021363192,25.0,True,True,False,1.0,ee7a50a277fef6153a1cc05f9cc2afd227e940efbd36a4c2b0abe9a57580901b,4d6b8cb1d482e5066f9ca575ebd3b67af4a32562
hac,100x,4.0,filtlong-barbell,15,73.10586880078269,25.0,True,True,False,1.0,ee7a50a277fef6153a1cc05f9cc2afd227e940efbd36a4c2b0abe9a57580901b,4d6b8cb1d482e5066f9ca575ebd3b67af4a32562
hac,100x,4.0,filtlong-porechop_abi,16,72.88555728109283,25.0,True,True,False,1.0,ee7a50a277fef6153a1cc05f9cc2afd227e940efbd36a4c2b0abe9a57580901b,4d6b8cb1d482e5066f9ca575ebd3b67af4a32562
hac,100x,4.0,filtlong-untrimmed,17,72.87823416015348,25.0,True,True,False,1.0,ee7a50a277fef6153a1cc05f9cc2afd227e940efbd36a4c2b0abe9a57580901b,4d6b8cb1d482e5066f9ca575ebd3b67af4a32562
sup,20x,2.0,chopper-porechop_abi,1,97.56092082852027,100.0,True,True,True,1.0,ee7a50a277fef6153a1cc05f9cc2afd227e940efbd36a4c2b0abe9a57580901b,4d6b8cb1d482e5066f9ca575ebd3b67af4a32562
sup,20x,2.0,chopper-dorado,2,97.30897007817181,100.0,True,True,False,1.0,ee7a50a277fef6153a1cc05f9cc2afd227e940efbd36a4c2b0abe9a57580901b,4d6b8cb1d482e5066f9ca575ebd3b67af4a32562
sup,20x,2.0,unprocessed-dorado,3,96.91796230956133,100.0,True,True,False,1.0,ee7a50a277fef6153a1cc05f9cc2afd227e940efbd36a4c2b0abe9a57580901b,4d6b8cb1d482e5066f9ca575ebd3b67af4a32562
sup,20x,2.0,unprocessed-porechop_abi,4,96.7371404950857,100.0,True,True,False,1.0,ee7a50a277fef6153a1cc05f9cc2afd227e940efbd36a4c2b0abe9a57580901b,4d6b8cb1d482e5066f9ca575ebd3b67af4a32562
sup,20x,2.0,fastplong-all,5,95.56628669163858,100.0,True,False,False,1.0,ee7a50a277fef6153a1cc05f9cc2afd227e940efbd36a4c2b0abe9a57580901b,4d6b8cb1d482e5066f9ca575ebd3b67af4a32562
sup,20x,2.0,chopper-untrimmed,6,93.10218333769339,100.0,True,False,False,1.0,ee7a50a277fef6153a1cc05f9cc2afd227e940efbd36a4c2b0abe9a57580901b,4d6b8cb1d482e5066f9ca575ebd3b67af4a32562
sup,20x,2.0,seqkit-untrimmed,7,91.45883341572691,100.0,True,True,False,1.0,ee7a50a277fef6153a1cc05f9cc2afd227e940efbd36a4c2b0abe9a57580901b,4d6b8cb1d482e5066f9ca575ebd3b67af4a32562
sup,20x,2.0,seqkit-barbell,8,90.83579944569615,100.0,True,True,False,1.0,ee7a50a277fef6153a1cc05f9cc2afd227e940efbd36a4c2b0abe9a57580901b,4d6b8cb1d482e5066f9ca575ebd3b67af4a32562
sup,20x,2.0,unprocessed-barbell,9,89.84320795074942,100.0,True,True,False,1.0,ee7a50a277fef6153a1cc05f9cc2afd227e940efbd36a4c2b0abe9a57580901b,4d6b8cb1d482e5066f9ca575ebd3b67af4a32562
sup,20x,2.0,unprocessed-untrimmed,10,88.06370048124577,100.0,True,False,False,1.0,ee7a50a277fef6153a1cc05f9cc2afd227e940efbd36a4c2b0abe9a57580901b,4d6b8cb1d482e5066f9ca575ebd3b67af4a32562
sup,20x,2.0,seqkit-dorado,11,78.94846232493113,50.0,True,True,False,1.0,ee7a50a277fef6153a1cc05f9cc2afd227e940efbd36a4c2b0abe9a57580901b,4d6b8cb1d482e5066f9ca575ebd3b67af4a32562
sup,20x,2.0,seqkit-porechop_abi,12,77.96284445066743,50.0,True,True,False,1.0,ee7a50a277fef6153a1cc05f9cc2afd227e940efbd36a4c2b0abe9a57580901b,4d6b8cb1d482e5066f9ca575ebd3b67af4a32562
sup,20x,2.0,chopper-barbell,13,73.6357103261056,50.0,True,False,False,1.0,ee7a50a277fef6153a1cc05f9cc2afd227e940efbd36a4c2b0abe9a57580901b,4d6b8cb1d482e5066f9ca575ebd3b67af4a32562
sup,20x,2.0,filtlong-untrimmed,14,62.812684837407176,0.0,True,True,False,1.0,ee7a50a277fef6153a1cc05f9cc2afd227e940efbd36a4c2b0abe9a57580901b,4d6b8cb1d482e5066f9ca575ebd3b67af4a32562
sup,20x,2.0,filtlong-dorado,15,62.77421370423089,0.0,True,True,False,1.0,ee7a50a277fef6153a1cc05f9cc2afd227e940efbd36a4c2b0abe9a57580901b,4d6b8cb1d482e5066f9ca575ebd3b67af4a32562
sup,20x,2.0,filtlong-porechop_abi,16,62.44414735850938,0.0,True,True,False,1.0,ee7a50a277fef6153a1cc05f9cc2afd227e940efbd36a4c2b0abe9a57580901b,4d6b8cb1d482e5066f9ca575ebd3b67af4a32562
sup,20x,2.0,filtlong-barbell,17,56.29603718535461,0.0,True,False,False,1.0,ee7a50a277fef6153a1cc05f9cc2afd227e940efbd36a4c2b0abe9a57580901b,4d6b8cb1d482e5066f9ca575ebd3b67af4a32562
sup,20x,3.0,chopper-porechop_abi,1,97.56092082852027,100.0,True,True,True,1.0,ee7a50a277fef6153a1cc05f9cc2afd227e940efbd36a4c2b0abe9a57580901b,4d6b8cb1d482e5066f9ca575ebd3b67af4a32562
sup,20x,3.0,chopper-dorado,2,97.30897007817181,100.0,True,True,False,1.0,ee7a50a277fef6153a1cc05f9cc2afd227e940efbd36a4c2b0abe9a57580901b,4d6b8cb1d482e5066f9ca575ebd3b67af4a32562
sup,20x,3.0,unprocessed-dorado,3,96.91796230956133,100.0,True,True,False,1.0,ee7a50a277fef6153a1cc05f9cc2afd227e940efbd36a4c2b0abe9a57580901b,4d6b8cb1d482e5066f9ca575ebd3b67af4a32562
sup,20x,3.0,unprocessed-porechop_abi,4,96.7371404950857,100.0,True,True,False,1.0,ee7a50a277fef6153a1cc05f9cc2afd227e940efbd36a4c2b0abe9a57580901b,4d6b8cb1d482e5066f9ca575ebd3b67af4a32562
sup,20x,3.0,fastplong-all,5,95.56628669163858,100.0,True,False,False,1.0,ee7a50a277fef6153a1cc05f9cc2afd227e940efbd36a4c2b0abe9a57580901b,4d6b8cb1d482e5066f9ca575ebd3b67af4a32562
sup,20x,3.0,chopper-untrimmed,6,93.10218333769339,100.0,True,False,False,1.0,ee7a50a277fef6153a1cc05f9cc2afd227e940efbd36a4c2b0abe9a57580901b,4d6b8cb1d482e5066f9ca575ebd3b67af4a32562
sup,20x,3.0,seqkit-untrimmed,7,91.45883341572691,100.0,True,True,False,1.0,ee7a50a277fef6153a1cc05f9cc2afd227e940efbd36a4c2b0abe9a57580901b,4d6b8cb1d482e5066f9ca575ebd3b67af4a32562
sup,20x,3.0,seqkit-barbell,8,90.83579944569615,100.0,True,True,False,1.0,ee7a50a277fef6153a1cc05f9cc2afd227e940efbd36a4c2b0abe9a57580901b,4d6b8cb1d482e5066f9ca575ebd3b67af4a32562
sup,20x,3.0,unprocessed-barbell,9,89.84320795074942,100.0,True,True,False,1.0,ee7a50a277fef6153a1cc05f9cc2afd227e940efbd36a4c2b0abe9a57580901b,4d6b8cb1d482e5066f9ca575ebd3b67af4a32562
sup,20x,3.0,unprocessed-untrimmed,10,88.06370048124577,100.0,True,False,False,1.0,ee7a50a277fef6153a1cc05f9cc2afd227e940efbd36a4c2b0abe9a57580901b,4d6b8cb1d482e5066f9ca575ebd3b67af4a32562
sup,20x,3.0,seqkit-dorado,11,84.68179565826448,66.66666666666667,True,True,False,1.0,ee7a50a277fef6153a1cc05f9cc2afd227e940efbd36a4c2b0abe9a57580901b,4d6b8cb1d482e5066f9ca575ebd3b67af4a32562
sup,20x,3.0,seqkit-porechop_abi,12,83.69617778400078,66.66666666666667,True,True,False,1.0,ee7a50a277fef6153a1cc05f9cc2afd227e940efbd36a4c2b0abe9a57580901b,4d6b8cb1d482e5066f9ca575ebd3b67af4a32562
sup,20x,3.0,chopper-barbell,13,79.36904365943894,66.66666666666667,True,False,False,1.0,ee7a50a277fef6153a1cc05f9cc2afd227e940efbd36a4c2b0abe9a57580901b,4d6b8cb1d482e5066f9ca575ebd3b67af4a32562
sup,20x,3.0,filtlong-untrimmed,14,62.812684837407176,0.0,True,True,False,1.0,ee7a50a277fef6153a1cc05f9cc2afd227e940efbd36a4c2b0abe9a57580901b,4d6b8cb1d482e5066f9ca575ebd3b67af4a32562
sup,20x,3.0,filtlong-dorado,15,62.77421370423089,0.0,True,True,False,1.0,ee7a50a277fef6153a1cc05f9cc2afd227e940efbd36a4c2b0abe9a57580901b,4d6b8cb1d482e5066f9ca575ebd3b67af4a32562
sup,20x,3.0,filtlong-porechop_abi,16,62.44414735850938,0.0,True,True,False,1.0,ee7a50a277fef6153a1cc05f9cc2afd227e940efbd36a4c2b0abe9a57580901b,4d6b8cb1d482e5066f9ca575ebd3b67af4a32562
sup,20x,3.0,filtlong-barbell,17,56.29603718535461,0.0,True,False,False,1.0,ee7a50a277fef6153a1cc05f9cc2afd227e940efbd36a4c2b0abe9a57580901b,4d6b8cb1d482e5066f9ca575ebd3b67af4a32562
sup,20x,4.0,chopper-porechop_abi,1,97.56092082852027,100.0,True,True,True,1.0,ee7a50a277fef6153a1cc05f9cc2afd227e940efbd36a4c2b0abe9a57580901b,4d6b8cb1d482e5066f9ca575ebd3b67af4a32562
sup,20x,4.0,chopper-dorado,2,97.30897007817181,100.0,True,True,False,1.0,ee7a50a277fef6153a1cc05f9cc2afd227e940efbd36a4c2b0abe9a57580901b,4d6b8cb1d482e5066f9ca575ebd3b67af4a32562
sup,20x,4.0,unprocessed-dorado,3,96.91796230956133,100.0,True,True,False,1.0,ee7a50a277fef6153a1cc05f9cc2afd227e940efbd36a4c2b0abe9a57580901b,4d6b8cb1d482e5066f9ca575ebd3b67af4a32562
sup,20x,4.0,unprocessed-porechop_abi,4,96.7371404950857,100.0,True,True,False,1.0,ee7a50a277fef6153a1cc05f9cc2afd227e940efbd36a4c2b0abe9a57580901b,4d6b8cb1d482e5066f9ca575ebd3b67af4a32562
sup,20x,4.0,fastplong-all,5,95.56628669163858,100.0,True,False,False,1.0,ee7a50a277fef6153a1cc05f9cc2afd227e940efbd36a4c2b0abe9a57580901b,4d6b8cb1d482e5066f9ca575ebd3b67af4a32562
sup,20x,4.0,chopper-untrimmed,6,93.10218333769339,100.0,True,False,False,1.0,ee7a50a277fef6153a1cc05f9cc2afd227e940efbd36a4c2b0abe9a57580901b,4d6b8cb1d482e5066f9ca575ebd3b67af4a32562
sup,20x,4.0,seqkit-untrimmed,7,91.45883341572691,100.0,True,True,False,1.0,ee7a50a277fef6153a1cc05f9cc2afd227e940efbd36a4c2b0abe9a57580901b,4d6b8cb1d482e5066f9ca575ebd3b67af4a32562
sup,20x,4.0,seqkit-barbell,8,90.83579944569615,100.0,True,True,False,1.0,ee7a50a277fef6153a1cc05f9cc2afd227e940efbd36a4c2b0abe9a57580901b,4d6b8cb1d482e5066f9ca575ebd3b67af4a32562
sup,20x,4.0,unprocessed-barbell,9,89.84320795074942,100.0,True,True,False,1.0,ee7a50a277fef6153a1cc05f9cc2afd227e940efbd36a4c2b0abe9a57580901b,4d6b8cb1d482e5066f9ca575ebd3b67af4a32562
sup,20x,4.0,unprocessed-untrimmed,10,88.06370048124577,100.0,True,True,False,1.0,ee7a50a277fef6153a1cc05f9cc2afd227e940efbd36a4c2b0abe9a57580901b,4d6b8cb1d482e5066f9ca575ebd3b67af4a32562
sup,20x,4.0,seqkit-dorado,11,87.54846232493114,75.0,True,True,False,1.0,ee7a50a277fef6153a1cc05f9cc2afd227e940efbd36a4c2b0abe9a57580901b,4d6b8cb1d482e5066f9ca575ebd3b67af4a32562
sup,20x,4.0,seqkit-porechop_abi,12,86.56284445066744,75.0,True,True,False,1.0,ee7a50a277fef6153a1cc05f9cc2afd227e940efbd36a4c2b0abe9a57580901b,4d6b8cb1d482e5066f9ca575ebd3b67af4a32562
sup,20x,4.0,chopper-barbell,13,82.2357103261056,75.0,True,False,False,1.0,ee7a50a277fef6153a1cc05f9cc2afd227e940efbd36a4c2b0abe9a57580901b,4d6b8cb1d482e5066f9ca575ebd3b67af4a32562
sup,20x,4.0,filtlong-untrimmed,14,71.41268483740718,25.0,True,True,False,1.0,ee7a50a277fef6153a1cc05f9cc2afd227e940efbd36a4c2b0abe9a57580901b,4d6b8cb1d482e5066f9ca575ebd3b67af4a32562
sup,20x,4.0,filtlong-dorado,15,71.37421370423088,25.0,True,True,False,1.0,ee7a50a277fef6153a1cc05f9cc2afd227e940efbd36a4c2b0abe9a57580901b,4d6b8cb1d482e5066f9ca575ebd3b67af4a32562
sup,20x,4.0,filtlong-porechop_abi,16,71.04414735850938,25.0,True,True,False,1.0,ee7a50a277fef6153a1cc05f9cc2afd227e940efbd36a4c2b0abe9a57580901b,4d6b8cb1d482e5066f9ca575ebd3b67af4a32562
sup,20x,4.0,filtlong-barbell,17,64.89603718535461,25.0,True,False,False,1.0,ee7a50a277fef6153a1cc05f9cc2afd227e940efbd36a4c2b0abe9a57580901b,4d6b8cb1d482e5066f9ca575ebd3b67af4a32562
sup,100x,2.0,chopper-porechop_abi,1,99.31490144086867,100.0,True,True,True,1.0,ee7a50a277fef6153a1cc05f9cc2afd227e940efbd36a4c2b0abe9a57580901b,4d6b8cb1d482e5066f9ca575ebd3b67af4a32562
sup,100x,2.0,fastplong-all,2,99.21373562847224,100.0,True,True,False,1.0,ee7a50a277fef6153a1cc05f9cc2afd227e940efbd36a4c2b0abe9a57580901b,4d6b8cb1d482e5066f9ca575ebd3b67af4a32562
sup,100x,2.0,unprocessed-dorado,3,99.11676121694433,100.0,True,True,False,1.0,ee7a50a277fef6153a1cc05f9cc2afd227e940efbd36a4c2b0abe9a57580901b,4d6b8cb1d482e5066f9ca575ebd3b67af4a32562
sup,100x,2.0,seqkit-porechop_abi,4,99.09149627162374,100.0,True,True,False,1.0,ee7a50a277fef6153a1cc05f9cc2afd227e940efbd36a4c2b0abe9a57580901b,4d6b8cb1d482e5066f9ca575ebd3b67af4a32562
sup,100x,2.0,chopper-barbell,5,98.73530698519808,100.0,True,True,False,1.0,ee7a50a277fef6153a1cc05f9cc2afd227e940efbd36a4c2b0abe9a57580901b,4d6b8cb1d482e5066f9ca575ebd3b67af4a32562
sup,100x,2.0,seqkit-untrimmed,6,96.70168954568959,100.0,True,True,False,1.0,ee7a50a277fef6153a1cc05f9cc2afd227e940efbd36a4c2b0abe9a57580901b,4d6b8cb1d482e5066f9ca575ebd3b67af4a32562
sup,100x,2.0,unprocessed-untrimmed,7,96.5795807512898,100.0,True,True,False,1.0,ee7a50a277fef6153a1cc05f9cc2afd227e940efbd36a4c2b0abe9a57580901b,4d6b8cb1d482e5066f9ca575ebd3b67af4a32562
sup,100x,2.0,chopper-dorado,8,81.89992734943318,50.0,True,True,False,1.0,ee7a50a277fef6153a1cc05f9cc2afd227e940efbd36a4c2b0abe9a57580901b,4d6b8cb1d482e5066f9ca575ebd3b67af4a32562
sup,100x,2.0,unprocessed-barbell,9,81.85350540537144,50.0,True,True,False,1.0,ee7a50a277fef6153a1cc05f9cc2afd227e940efbd36a4c2b0abe9a57580901b,4d6b8cb1d482e5066f9ca575ebd3b67af4a32562
sup,100x,2.0,unprocessed-porechop_abi,10,81.80074928730289,50.0,True,True,False,1.0,ee7a50a277fef6153a1cc05f9cc2afd227e940efbd36a4c2b0abe9a57580901b,4d6b8cb1d482e5066f9ca575ebd3b67af4a32562
sup,100x,2.0,seqkit-barbell,11,80.11152450411396,50.0,True,True,False,1.0,ee7a50a277fef6153a1cc05f9cc2afd227e940efbd36a4c2b0abe9a57580901b,4d6b8cb1d482e5066f9ca575ebd3b67af4a32562
sup,100x,2.0,chopper-untrimmed,12,79.23190884963542,50.0,True,True,False,1.0,ee7a50a277fef6153a1cc05f9cc2afd227e940efbd36a4c2b0abe9a57580901b,4d6b8cb1d482e5066f9ca575ebd3b67af4a32562
sup,100x,2.0,filtlong-dorado,13,64.96251728239143,0.0,True,True,False,1.0,ee7a50a277fef6153a1cc05f9cc2afd227e940efbd36a4c2b0abe9a57580901b,4d6b8cb1d482e5066f9ca575ebd3b67af4a32562
sup,100x,2.0,filtlong-untrimmed,14,64.93386757150746,0.0,True,True,False,1.0,ee7a50a277fef6153a1cc05f9cc2afd227e940efbd36a4c2b0abe9a57580901b,4d6b8cb1d482e5066f9ca575ebd3b67af4a32562
sup,100x,2.0,filtlong-porechop_abi,15,64.92247800158106,0.0,True,True,False,1.0,ee7a50a277fef6153a1cc05f9cc2afd227e940efbd36a4c2b0abe9a57580901b,4d6b8cb1d482e5066f9ca575ebd3b67af4a32562
sup,100x,2.0,seqkit-dorado,16,64.80519286514578,0.0,True,True,False,1.0,ee7a50a277fef6153a1cc05f9cc2afd227e940efbd36a4c2b0abe9a57580901b,4d6b8cb1d482e5066f9ca575ebd3b67af4a32562
sup,100x,2.0,filtlong-barbell,17,64.18014453009569,0.0,True,True,False,1.0,ee7a50a277fef6153a1cc05f9cc2afd227e940efbd36a4c2b0abe9a57580901b,4d6b8cb1d482e5066f9ca575ebd3b67af4a32562
sup,100x,3.0,chopper-porechop_abi,1,99.31490144086867,100.0,True,True,True,1.0,ee7a50a277fef6153a1cc05f9cc2afd227e940efbd36a4c2b0abe9a57580901b,4d6b8cb1d482e5066f9ca575ebd3b67af4a32562
sup,100x,3.0,fastplong-all,2,99.21373562847224,100.0,True,True,False,1.0,ee7a50a277fef6153a1cc05f9cc2afd227e940efbd36a4c2b0abe9a57580901b,4d6b8cb1d482e5066f9ca575ebd3b67af4a32562
sup,100x,3.0,unprocessed-dorado,3,99.11676121694433,100.0,True,True,False,1.0,ee7a50a277fef6153a1cc05f9cc2afd227e940efbd36a4c2b0abe9a57580901b,4d6b8cb1d482e5066f9ca575ebd3b67af4a32562
sup,100x,3.0,seqkit-porechop_abi,4,99.09149627162374,100.0,True,True,False,1.0,ee7a50a277fef6153a1cc05f9cc2afd227e940efbd36a4c2b0abe9a57580901b,4d6b8cb1d482e5066f9ca575ebd3b67af4a32562
sup,100x,3.0,chopper-barbell,5,98.73530698519808,100.0,True,True,False,1.0,ee7a50a277fef6153a1cc05f9cc2afd227e940efbd36a4c2b0abe9a57580901b,4d6b8cb1d482e5066f9ca575ebd3b67af4a32562
sup,100x,3.0,seqkit-untrimmed,6,96.70168954568959,100.0,True,True,False,1.0,ee7a50a277fef6153a1cc05f9cc2afd227e940efbd36a4c2b0abe9a57580901b,4d6b8cb1d482e5066f9ca575ebd3b67af4a32562
sup,100x,3.0,unprocessed-untrimmed,7,96.5795807512898,100.0,True,True,False,1.0,ee7a50a277fef6153a1cc05f9cc2afd227e940efbd36a4c2b0abe9a57580901b,4d6b8cb1d482e5066f9ca575ebd3b67af4a32562
sup,100x,3.0,chopper-dorado,8,87.63326068276652,66.66666666666667,True,True,False,1.0,ee7a50a277fef6153a1cc05f9cc2afd227e940efbd36a4c2b0abe9a57580901b,4d6b8cb1d482e5066f9ca575ebd3b67af4a32562
sup,100x,3.0,unprocessed-barbell,9,87.58683873870477,66.66666666666667,True,True,False,1.0,ee7a50a277fef6153a1cc05f9cc2afd227e940efbd36a4c2b0abe9a57580901b,4d6b8cb1d482e5066f9ca575ebd3b67af4a32562
sup,100x,3.0,unprocessed-porechop_abi,10,87.53408262063624,66.66666666666667,True,True,False,1.0,ee7a50a277fef6153a1cc05f9cc2afd227e940efbd36a4c2b0abe9a57580901b,4d6b8cb1d482e5066f9ca575ebd3b67af4a32562
sup,100x,3.0,seqkit-barbell,11,85.8448578374473,66.66666666666667,True,True,False,1.0,ee7a50a277fef6153a1cc05f9cc2afd227e940efbd36a4c2b0abe9a57580901b,4d6b8cb1d482e5066f9ca575ebd3b67af4a32562
sup,100x,3.0,chopper-untrimmed,12,84.96524218296877,66.66666666666667,True,True,False,1.0,ee7a50a277fef6153a1cc05f9cc2afd227e940efbd36a4c2b0abe9a57580901b,4d6b8cb1d482e5066f9ca575ebd3b67af4a32562
sup,100x,3.0,seqkit-dorado,13,76.27185953181245,33.333333333333336,True,False,False,1.0,ee7a50a277fef6153a1cc05f9cc2afd227e940efbd36a4c2b0abe9a57580901b,4d6b8cb1d482e5066f9ca575ebd3b67af4a32562
sup,100x,3.0,filtlong-dorado,14,64.96251728239143,0.0,True,True,False,1.0,ee7a50a277fef6153a1cc05f9cc2afd227e940efbd36a4c2b0abe9a57580901b,4d6b8cb1d482e5066f9ca575ebd3b67af4a32562
sup,100x,3.0,filtlong-untrimmed,15,64.93386757150746,0.0,True,True,False,1.0,ee7a50a277fef6153a1cc05f9cc2afd227e940efbd36a4c2b0abe9a57580901b,4d6b8cb1d482e5066f9ca575ebd3b67af4a32562
sup,100x,3.0,filtlong-porechop_abi,16,64.92247800158106,0.0,True,True,False,1.0,ee7a50a277fef6153a1cc05f9cc2afd227e940efbd36a4c2b0abe9a57580901b,4d6b8cb1d482e5066f9ca575ebd3b67af4a32562
sup,100x,3.0,filtlong-barbell,17,64.18014453009569,0.0,True,True,False,1.0,ee7a50a277fef6153a1cc05f9cc2afd227e940efbd36a4c2b0abe9a57580901b,4d6b8cb1d482e5066f9ca575ebd3b67af4a32562
sup,100x,4.0,chopper-porechop_abi,1,99.31490144086867,100.0,True,True,True,1.0,ee7a50a277fef6153a1cc05f9cc2afd227e940efbd36a4c2b0abe9a57580901b,4d6b8cb1d482e5066f9ca575ebd3b67af4a32562
sup,100x,4.0,fastplong-all,2,99.21373562847224,100.0,True,True,False,1.0,ee7a50a277fef6153a1cc05f9cc2afd227e940efbd36a4c2b0abe9a57580901b,4d6b8cb1d482e5066f9ca575ebd3b67af4a32562
sup,100x,4.0,unprocessed-dorado,3,99.11676121694433,100.0,True,True,False,1.0,ee7a50a277fef6153a1cc05f9cc2afd227e940efbd36a4c2b0abe9a57580901b,4d6b8cb1d482e5066f9ca575ebd3b67af4a32562
sup,100x,4.0,seqkit-porechop_abi,4,99.09149627162374,100.0,True,True,False,1.0,ee7a50a277fef6153a1cc05f9cc2afd227e940efbd36a4c2b0abe9a57580901b,4d6b8cb1d482e5066f9ca575ebd3b67af4a32562
sup,100x,4.0,chopper-barbell,5,98.73530698519808,100.0,True,True,False,1.0,ee7a50a277fef6153a1cc05f9cc2afd227e940efbd36a4c2b0abe9a57580901b,4d6b8cb1d482e5066f9ca575ebd3b67af4a32562
sup,100x,4.0,seqkit-untrimmed,6,96.70168954568959,100.0,True,True,False,1.0,ee7a50a277fef6153a1cc05f9cc2afd227e940efbd36a4c2b0abe9a57580901b,4d6b8cb1d482e5066f9ca575ebd3b67af4a32562
sup,100x,4.0,unprocessed-untrimmed,7,96.5795807512898,100.0,True,True,False,1.0,ee7a50a277fef6153a1cc05f9cc2afd227e940efbd36a4c2b0abe9a57580901b,4d6b8cb1d482e5066f9ca575ebd3b67af4a32562
sup,100x,4.0,chopper-dorado,8,90.49992734943318,75.0,True,True,False,1.0,ee7a50a277fef6153a1cc05f9cc2afd227e940efbd36a4c2b0abe9a57580901b,4d6b8cb1d482e5066f9ca575ebd3b67af4a32562
sup,100x,4.0,unprocessed-barbell,9,90.45350540537143,75.0,True,True,False,1.0,ee7a50a277fef6153a1cc05f9cc2afd227e940efbd36a4c2b0abe9a57580901b,4d6b8cb1d482e5066f9ca575ebd3b67af4a32562
sup,100x,4.0,unprocessed-porechop_abi,10,90.4007492873029,75.0,True,True,False,1.0,ee7a50a277fef6153a1cc05f9cc2afd227e940efbd36a4c2b0abe9a57580901b,4d6b8cb1d482e5066f9ca575ebd3b67af4a32562
sup,100x,4.0,seqkit-barbell,11,88.71152450411395,75.0,True,True,False,1.0,ee7a50a277fef6153a1cc05f9cc2afd227e940efbd36a4c2b0abe9a57580901b,4d6b8cb1d482e5066f9ca575ebd3b67af4a32562
sup,100x,4.0,chopper-untrimmed,12,87.83190884963543,75.0,True,True,False,1.0,ee7a50a277fef6153a1cc05f9cc2afd227e940efbd36a4c2b0abe9a57580901b,4d6b8cb1d482e5066f9ca575ebd3b67af4a32562
sup,100x,4.0,seqkit-dorado,13,82.00519286514579,50.0,True,False,False,1.0,ee7a50a277fef6153a1cc05f9cc2afd227e940efbd36a4c2b0abe9a57580901b,4d6b8cb1d482e5066f9ca575ebd3b67af4a32562
sup,100x,4.0,filtlong-dorado,14,73.56251728239143,25.0,True,True,False,1.0,ee7a50a277fef6153a1cc05f9cc2afd227e940efbd36a4c2b0abe9a57580901b,4d6b8cb1d482e5066f9ca575ebd3b67af4a32562
sup,100x,4.0,filtlong-untrimmed,15,73.53386757150746,25.0,True,True,False,1.0,ee7a50a277fef6153a1cc05f9cc2afd227e940efbd36a4c2b0abe9a57580901b,4d6b8cb1d482e5066f9ca575ebd3b67af4a32562
sup,100x,4.0,filtlong-porechop_abi,16,73.52247800158106,25.0,True,True,False,1.0,ee7a50a277fef6153a1cc05f9cc2afd227e940efbd36a4c2b0abe9a57580901b,4d6b8cb1d482e5066f9ca575ebd3b67af4a32562
sup,100x,4.0,filtlong-barbell,17,72.7801445300957,25.0,True,True,False,1.0,ee7a50a277fef6153a1cc05f9cc2afd227e940efbd36a4c2b0abe9a57580901b,4d6b8cb1d482e5066f9ca575ebd3b67af4a32562
