timestamp,w_accuracy,w_contiguity,w_decontam,w_replicon
2026-06-11T03:58:21.440403+00:00,40,35,5,20
2026-06-11T04:07:26.649433+00:00,30,20,35,15
2026-06-11T04:38:54.544766+00:00,20,20,25,35
2026-06-11T05:57:49.965985+00:00,25,15,10,50
2026-06-11T06:50:16.841179+00:00,45,5,5,45
2026-06-11T07:21:32.710471+00:00,10,20,35,35
2026-06-11T07:30:02.300791+00:00,25,15,10,50
2026-06-11T09:05:43.656374+00:00,25,40,5,30
2026-06-11T14:02:05.818988+00:00,35,10,25,30
2026-06-11T15:38:20.193610+00:00,0,25,25,50
2026-06-11T17:50:23.421189+00:00,30,25,20,25
2026-06-11T23:15:28.808503+00:00,40,10,10,40
2026-06-15T06:05:51.659902+00:00,25,25,25,25
2026-06-15T08:06:48.027717+00:00,39,17,13,31
2026-06-15T11:37:41.040801+00:00,50,10,20,20
2026-06-15T12:29:17.686442+00:00,10,15,25,50
2026-06-15T15:06:09.868350+00:00,25,25,10,40
2026-06-16T15:11:47.298850+00:00,20,40,15,25
2026-06-19T04:21:03.491271+00:00,30,10,10,50
2026-06-19T11:30:26.936256+00:00,35,20,10,35
2026-06-26T07:42:14.138061+00:00,35,20,15,30
2026-07-17T05:15:29.320201+00:00,10,60,5,25